title,original_artist,context
First Date,Blink-182,Rad Dad / Stalemate sets / Trailer Swift / 8-bit series / SoundCloud
She,Green Day,Rad Dad / Stalemate sets / Trailer Swift / 8-bit series / SoundCloud
Linoleum,NOFX,Rad Dad / Stalemate sets / Trailer Swift / 8-bit series / SoundCloud
Basket Case,Green Day,Rad Dad / Stalemate sets / Trailer Swift / 8-bit series / SoundCloud
American Idiot,Green Day,Rad Dad / Stalemate sets / Trailer Swift / 8-bit series / SoundCloud
Holiday,Green Day,Rad Dad / Stalemate sets / Trailer Swift / 8-bit series / SoundCloud
Brain Stew,Green Day,Rad Dad / Stalemate sets / Trailer Swift / 8-bit series / SoundCloud
Jaded,Green Day,Rad Dad / Stalemate sets / Trailer Swift / 8-bit series / SoundCloud
When I Come Around,Green Day,Rad Dad / Stalemate sets / Trailer Swift / 8-bit series / SoundCloud
Hitchin' A Ride,Green Day,Rad Dad / Stalemate sets / Trailer Swift / 8-bit series / SoundCloud
Longview,Green Day,Rad Dad / Stalemate sets / Trailer Swift / 8-bit series / SoundCloud
Holden Caulfield,Green Day,Rad Dad / Stalemate sets / Trailer Swift / 8-bit series / SoundCloud
Christie Road,Green Day,Rad Dad / Stalemate sets / Trailer Swift / 8-bit series / SoundCloud
Burnout,Green Day,Rad Dad / Stalemate sets / Trailer Swift / 8-bit series / SoundCloud
Nice Guys Finish Last,Green Day,Rad Dad / Stalemate sets / Trailer Swift / 8-bit series / SoundCloud
86,Green Day,Rad Dad / Stalemate sets / Trailer Swift / 8-bit series / SoundCloud
Novacaine,Green Day,Rad Dad / Stalemate sets / Trailer Swift / 8-bit series / SoundCloud
Pulling Teeth,Green Day,Rad Dad / Stalemate sets / Trailer Swift / 8-bit series / SoundCloud
Jesus of Suburbia,Green Day,Rad Dad / Stalemate sets / Trailer Swift / 8-bit series / SoundCloud
Knowledge,Operation Ivy/Green Day,Rad Dad / Stalemate sets / Trailer Swift / 8-bit series / SoundCloud
Rebel Girl,Bikini Kill (listed under Green Day tab),Rad Dad / Stalemate sets / Trailer Swift / 8-bit series / SoundCloud
Dammit,Blink-182,Rad Dad / Stalemate sets / Trailer Swift / 8-bit series / SoundCloud
All The Small Things,Blink-182,Rad Dad / Stalemate sets / Trailer Swift / 8-bit series / SoundCloud
The Rock Show,Blink-182,Rad Dad / Stalemate sets / Trailer Swift / 8-bit series / SoundCloud
Aliens Exist,Blink-182,Rad Dad / Stalemate sets / Trailer Swift / 8-bit series / SoundCloud
Wendy Clear,Blink-182,Rad Dad / Stalemate sets / Trailer Swift / 8-bit series / SoundCloud
Carousel,Blink-182,Rad Dad / Stalemate sets / Trailer Swift / 8-bit series / SoundCloud
M&M's,Blink-182,Rad Dad / Stalemate sets / Trailer Swift / 8-bit series / SoundCloud
Dick Lips,Blink-182,Rad Dad / Stalemate sets / Trailer Swift / 8-bit series / SoundCloud
Dumpweed,Blink-182,Rad Dad / Stalemate sets / Trailer Swift / 8-bit series / SoundCloud
What's My Age Again?,Blink-182,Rad Dad / Stalemate sets / Trailer Swift / 8-bit series / SoundCloud
Not Now,Blink-182,Rad Dad / Stalemate sets / Trailer Swift / 8-bit series / SoundCloud
Asthenia,Blink-182,Rad Dad / Stalemate sets / Trailer Swift / 8-bit series / SoundCloud
I Won't Be Home For Christmas,Blink-182,Rad Dad / Stalemate sets / Trailer Swift / 8-bit series / SoundCloud
Wasting Time (8-bit),Blink-182,Rad Dad / Stalemate sets / Trailer Swift / 8-bit series / SoundCloud
Chick Magnet,MxPx,Rad Dad / Stalemate sets / Trailer Swift / 8-bit series / SoundCloud
Tomorrow's Another Day,MxPx,Rad Dad / Stalemate sets / Trailer Swift / 8-bit series / SoundCloud
Middle Name,MxPx,Rad Dad / Stalemate sets / Trailer Swift / 8-bit series / SoundCloud
Responsibility,MxPx,Rad Dad / Stalemate sets / Trailer Swift / 8-bit series / SoundCloud
In Bloom,Nirvana,Rad Dad / Stalemate sets / Trailer Swift / 8-bit series / SoundCloud
Breed,Nirvana,Rad Dad / Stalemate sets / Trailer Swift / 8-bit series / SoundCloud
On A Plain,Nirvana,Rad Dad / Stalemate sets / Trailer Swift / 8-bit series / SoundCloud
Territorial Pissings,Nirvana,Rad Dad / Stalemate sets / Trailer Swift / 8-bit series / SoundCloud
Santeria,Sublime,Rad Dad / Stalemate sets / Trailer Swift / 8-bit series / SoundCloud
Ruby Soho,Rancid,Rad Dad / Stalemate sets / Trailer Swift / 8-bit series / SoundCloud
KKK Took My Baby Away,Ramones,Rad Dad / Stalemate sets / Trailer Swift / 8-bit series / SoundCloud
Blitzkrieg Bop,Ramones,Rad Dad / Stalemate sets / Trailer Swift / 8-bit series / SoundCloud
Sheena Is A Punk Rocker,Ramones,Rad Dad / Stalemate sets / Trailer Swift / 8-bit series / SoundCloud
Stand By Me,Ben E. King via Pennywise,Rad Dad / Stalemate sets / Trailer Swift / 8-bit series / SoundCloud
Blind,Face to Face,Rad Dad / Stalemate sets / Trailer Swift / 8-bit series / SoundCloud
Creep,Radiohead,Rad Dad / Stalemate sets / Trailer Swift / 8-bit series / SoundCloud
My Own Worst Enemy,Lit,Rad Dad / Stalemate sets / Trailer Swift / 8-bit series / SoundCloud
The Middle,Jimmy Eat World,Rad Dad / Stalemate sets / Trailer Swift / 8-bit series / SoundCloud
1985,Bowling For Soup,Rad Dad / Stalemate sets / Trailer Swift / 8-bit series / SoundCloud
Come Back To Texas,Bowling For Soup,Rad Dad / Stalemate sets / Trailer Swift / 8-bit series / SoundCloud
They Call Me Steve,Teenage Bottlerocket,Rad Dad / Stalemate sets / Trailer Swift / 8-bit series / SoundCloud
Somewhere On Fullerton,Allister,Rad Dad / Stalemate sets / Trailer Swift / 8-bit series / SoundCloud
All My Fault,Riverfenix,Rad Dad / Stalemate sets / Trailer Swift / 8-bit series / SoundCloud
Miles Away,Goldfinger,Rad Dad / Stalemate sets / Trailer Swift / 8-bit series / SoundCloud
The Anthem,Good Charlotte,Rad Dad / Stalemate sets / Trailer Swift / 8-bit series / SoundCloud
In Too Deep,Sum 41,Rad Dad / Stalemate sets / Trailer Swift / 8-bit series / SoundCloud
Fat Lip,Sum 41,Rad Dad / Stalemate sets / Trailer Swift / 8-bit series / SoundCloud
Pieces (8-bit),Sum 41,Rad Dad / Stalemate sets / Trailer Swift / 8-bit series / SoundCloud
Easy,Faith No More/Commodores,Rad Dad / Stalemate sets / Trailer Swift / 8-bit series / SoundCloud
Knockin' On Heaven's Door,Bob Dylan,Rad Dad / Stalemate sets / Trailer Swift / 8-bit series / SoundCloud
Where The Sidewalk Ends,?,Rad Dad / Stalemate sets / Trailer Swift / 8-bit series / SoundCloud
Armatage Shanks,Green Day,Rad Dad / Stalemate sets / Trailer Swift / 8-bit series / SoundCloud
No Cigar (8-bit),Millencolin,Rad Dad / Stalemate sets / Trailer Swift / 8-bit series / SoundCloud
Gives You Hell (8-bit),All-American Rejects,Rad Dad / Stalemate sets / Trailer Swift / 8-bit series / SoundCloud
On A Plain (8-bit),Nirvana,Rad Dad / Stalemate sets / Trailer Swift / 8-bit series / SoundCloud
Olympia WA (8-bit),Rancid,Rad Dad / Stalemate sets / Trailer Swift / 8-bit series / SoundCloud
Oi To The World,The Vandals,Rad Dad / Stalemate sets / Trailer Swift / 8-bit series / SoundCloud
Grandma Got Run Over By A Reindeer,Elmo & Patsy,Rad Dad / Stalemate sets / Trailer Swift / 8-bit series / SoundCloud
I Celebrate The Day,Relient K,Rad Dad / Stalemate sets / Trailer Swift / 8-bit series / SoundCloud
Christmas Medley,various,Rad Dad / Stalemate sets / Trailer Swift / 8-bit series / SoundCloud
Ice Ice Baby,Vanilla Ice,Rad Dad / Stalemate sets / Trailer Swift / 8-bit series / SoundCloud
Somewhere Over The Rainbow,Arlen/Harburg,Rad Dad / Stalemate sets / Trailer Swift / 8-bit series / SoundCloud
Saw Her Standing There,The Beatles,Rad Dad / Stalemate sets / Trailer Swift / 8-bit series / SoundCloud
Sparks Fly,Taylor Swift,Rad Dad / Stalemate sets / Trailer Swift / 8-bit series / SoundCloud
The Story Of Us,Taylor Swift,Rad Dad / Stalemate sets / Trailer Swift / 8-bit series / SoundCloud
Stay Stay Stay,Taylor Swift,Rad Dad / Stalemate sets / Trailer Swift / 8-bit series / SoundCloud
You Belong With Me,Taylor Swift,Rad Dad / Stalemate sets / Trailer Swift / 8-bit series / SoundCloud
Ready For It,Taylor Swift,Rad Dad / Stalemate sets / Trailer Swift / 8-bit series / SoundCloud
You Need To Calm Down,Taylor Swift,Rad Dad / Stalemate sets / Trailer Swift / 8-bit series / SoundCloud
Enchanted,Taylor Swift,Rad Dad / Stalemate sets / Trailer Swift / 8-bit series / SoundCloud
Cruel Summer,Taylor Swift,Rad Dad / Stalemate sets / Trailer Swift / 8-bit series / SoundCloud
Mine,Taylor Swift,Rad Dad / Stalemate sets / Trailer Swift / 8-bit series / SoundCloud
Paper Rings,Taylor Swift,Rad Dad / Stalemate sets / Trailer Swift / 8-bit series / SoundCloud
Mean,Taylor Swift,Rad Dad / Stalemate sets / Trailer Swift / 8-bit series / SoundCloud
I Knew You Were Trouble,Taylor Swift,Rad Dad / Stalemate sets / Trailer Swift / 8-bit series / SoundCloud
All Too Well,Taylor Swift,Rad Dad / Stalemate sets / Trailer Swift / 8-bit series / SoundCloud
Ours,Taylor Swift,Rad Dad / Stalemate sets / Trailer Swift / 8-bit series / SoundCloud
The Decline,NOFX,Rad Dad / Stalemate sets / Trailer Swift / 8-bit series / SoundCloud
