song_id,canonical_title,artist_project,classification,alt_titles,writers,rights_confidence,stage,key,bpm,potential,readiness,confidence,lyric_status,audio_status,theme,hook,sources,soundcloud,best_source,next_action,open_questions,notes
ST-0001,Turn Over The Flag,Stalemate,original,turn over,Jeff Story,high,mixing — album track 1,"E (live, Eb tuning)",,74,91,high,full text read,"signal-analyzed (duration/tempo/key-est/loudness) — NOT auditioned, no transcription",Protest anthem — flying the flag inverted as a distress signal for the country,"Chanted title chorus + ""land of the brave / home of the enslaved"" inversion",LYRICS/01 doc (rev 2025-12-29); bounces/1. turn over mix 1.6 (2026-03-02); turn over mix 1.5.wav master; turn over mix 1.4 (BackVox Overdubs).logicx ~40 stems; NEW SONGS 2024 demo m4a; Session v1.0 mp3 (2025-11-14); Voice Memos: 12 recordings (2024-02-05..2024-10-25) — in Voice Memo Intake on Jeff's Mac,,bounces/1. turn over mix 1.6,"Record bridge ""oohs"" + add rhythm guitar layers (the only 2 items left on the Overdubs doc), then bounce mix 1.7",,"POTENTIAL 74: hook 18 (chant chorus lands), lyric 13 (chorus inversion is the best line; verses lean on abstract veil/shadow imagery), truth 16 (sincere anger), structure 12 (bridge = children's plea answers the chorus), identity 8, replay 7. READINESS 91: most-iterated mix in the vault, 2 to-dos left. AUDIO ANALYSIS (2026-08-18): 2:00, ~206bpm feel, sounds-in ~Ebm (=E in Eb tuning, matches live chart). I=-13.0 LUFS, LRA 2.8, TRUE PEAK +0.3 dBFS (clipping). Flat energy profile — chorus lift is limited; supports the ""more guitars"" overdub. Outro drops at ~1:52. ALBUM MIX NOTE: all measured masters exceed 0 dBFS true peak — final pass should limit to -1.0 dBTP and level-match tracks (Manic is 3dB hot). VOICE MEMOS: 12 matched (2024-02-05 to 2024-10-25)."
ST-0002,The Way I Love You,Stalemate,"outside composition — written by Paco Estrada, given to the band",,Paco Estrada,"performance rights OK per Jeff (""ours as Paco gave it to us""); composition credit = Paco Estrada. NO external/AI upload without revisiting rights.",overdubs — album track 2,A,214 (cut),,90,high,full text read,metadata only,"Finding the one who loves you for who you are, after the casualties and maybes","""Nobody ever gonna come and call me baby / not like you do""",LYRICS/05 doc (chords+BPM); bounces/2. the way i love you v1.4 (2026-01-24); Crisis Averted chart+studio take; The Way I Love You v2.5 (SoundCloud 2023); Rad Dad + Stalemate + Something Dirty setlists; Voice Memos: 14 recordings (2022-03-30..2025-05-02) — in Voice Memo Intake on Jeff's Mac,,bounces v1.4,Track background vox + guitar solo; nudge verse vocals +0.2dB (per Overdubs doc),"Was the song ""given"" informally or with any written understanding? Matters only if the album is commercially released.","POTENTIAL 77: hook 19, lyric 14 (""fair handshake of casualties and maybes"" is a keeper; a few stock lines), truth 15, structure 12 (softer V2 is real dynamics), identity 9, replay 8. Longest-serving song across three bands = proven live. ALBUM MIX NOTE: all measured masters exceed 0 dBFS true peak — final pass should limit to -1.0 dBTP and level-match tracks (Manic is 3dB hot). RIGHTS RESOLVED 2026-08-18 (Jeff): Paco Estrada wrote it and gave it to the band. Stays album track 2; removed from Jeff-originals ranking; credit Paco on release. VOICE MEMOS: 14 matched (2022-03-30 to 2025-05-02). Dustin Duffy recorded bass lines for this song (Stalemate Split/Bass Lines, 2023-12..2024-01)."
ST-0003,TBFH,Stalemate,original,To Be Fucking Honest; TBFH v4.5,Jeff Story,high,overdubs — album track 3,A,,86,90,high,full text read,"signal-analyzed (duration/tempo/key-est/loudness) — NOT auditioned, no transcription","Post-breakup honesty — still in love, knows it's dead, finally letting go","The title itself, sung as the verse engine: ""To be fucking honest...""",LYRICS/04 doc (rev 2026-01-10); 2020-Lyrics/TBFH (2024); bounces/3. tbfh v1.4 (2026-01-10); TBFH v4.5 (SoundCloud 2023); Crisis Averted chart+studio; Voice Memos: 12 recordings (2021-02-18..2024-10-18) — in Voice Memo Intake on Jeff's Mac,,bounces v1.4,"Background vox + chorus ""oohs""; drums +1dB (per Overdubs doc)",,"POTENTIAL 86 — highest scored lyric in the vault: hook 21 (title is the hook and it's unforgettable), lyric 16 (""Starring at Sir Paul McCartney"" bridge is the most Jeff line in the catalog), truth 19 (v3 rewrite turns the ending from wallowing to walking away — real arc), structure 12, identity 10 (emotional honesty + profanity + humor = the Jeff Story sweet spot), replay 8. AUDIO ANALYSIS (2026-08-18): 2:16, ~216bpm feel, sounds-in ~Eb (doc says A — verify tuning/capo). I=-12.3 LUFS, LRA 1.7 (flattest of the four), TP +0.3 dBFS. ALBUM MIX NOTE: all measured masters exceed 0 dBFS true peak — final pass should limit to -1.0 dBTP and level-match tracks (Manic is 3dB hot). VOICE MEMOS: 12 matched (2021-02-18 to 2024-10-18). Dustin Duffy recorded bass lines for this song (Stalemate Split/Bass Lines, 2023-12..2024-01). 2023 Crisis Averted studio take analyzed: 2:19, key A confirmed (r=0.87) — clean reference version alongside the album v1.4."
ST-0004,Manic,Stalemate,original,Manic!; Manic!!; Manic?  No way!,Jeff Story,high,overdubs — album track 4,,,85,87,high,full text read,"signal-analyzed (duration/tempo/key-est/loudness) — NOT auditioned, no transcription",Bipolar mania as a night-out anthem — euphoria with poison underneath,"""Riding every wave"" flipped to ""Drowning in the wave"" — double-chorus mirror; sardonic ""just another perfect manic day!"" outro","NEW SONGS 2024/Manic!! doc (rev 2025-05-22) + Manic! (New 05-2024).m4a; 2020-Lyrics/Manic? No way! (2022); bounces/4. manic v1.4 (2026-01-08); Manic!! (SoundCloud 2024-08, 66 plays); Voice Memos: 18 recordings (2020-10-22..2025-08-29) — in Voice Memo Intake on Jeff's Mac",,bounces v1.4,"QUICK WIN: one overdub left (guitar octave part in chorus), then it is done",,"Only ONE item on the Overdubs doc — the closest song to finished on the entire album. Potential unscored until I read the Manic!! lyric doc (top of next session's reading list). AUDIO ANALYSIS (2026-08-18): 2:07, key-est C#m (weak r=0.48). I=-9.5 LUFS — 3dB HOTTER than the rest of the album, TP +0.6 dBFS. Needs album-level matching. ALBUM MIX NOTE: all measured masters exceed 0 dBFS true peak — final pass should limit to -1.0 dBTP and level-match tracks (Manic is 3dB hot). POTENTIAL 85: hook 20 (mirror chorus is smart), lyric 15 (""Why is this poison in my brain?""; some stock neon), truth 19, structure 13, identity 10, replay 8. QUICK-WIN CHOICE VALIDATED — top-4 song, one overdub from done. VOICE MEMOS: 18 matched (2020-10-22 to 2025-08-29). Jeff confirmed 2026-08-18: part of the unreleased Stalemate album. Band recording = bounce stays off Suno; only Jeff-solo demos eligible."
ST-0005,Better Than Now,Stalemate,band original — written by Sean (Stalemate bassist),,Sean (Stalemate bassist),Sean's composition per Jeff. Band may record/perform; no external/AI upload without Sean's consent.,overdubs — album track 5,B (live),,,79,medium,no lyric doc found,metadata only,,,"bounces/5. better than now v1.4 (2026-01-08); Session v1.0 (2025-11-14); setlists 3-13-24 & 4-26-24 (marked Stalemate original, sung by S); Voice Memos: 4 recordings (2023-08-25..2024-07-26) — in Voice Memo Intake on Jeff's Mac",,bounces v1.4,"Locate/transcribe lyrics (no doc exists!); then guitar solos + ""Jeff take me away"" chorus vox per Overdubs doc","Sean's full name for credits; does he have the lyric written down? (replaces the ""who wrote it"" question)",On the album with no lyric doc anywhere in Drive — the lyric lives only in performances. Needs a lyric-capture pass. ALBUM MIX NOTE: all measured masters exceed 0 dBFS true peak — final pass should limit to -1.0 dBTP and level-match tracks (Manic is 3dB hot). RIGHTS RESOLVED 2026-08-18 (Jeff): Sean wrote it. Lyric-capture task now points at Sean. VOICE MEMOS: 4 matched (2023-08-25 to 2024-07-26).
ST-0006,Take The Step,Stalemate,original,Take This Step; 13 - Take The Step,Jeff Story,high,overdubs — album track 6,A/A# (varies by chart),145,75,86,high,full text read,"signal-analyzed (duration/tempo/key-est/loudness) — NOT auditioned, no transcription","Quitting / recovery — changing your life one day at a time, for her","""But first I need to finally take this step""",LYRICS/13 doc (BPM 145); bounces/6. take the step mix v1.4 (2026-01-24); Jeff Story - Take This Step v1.2.wav (2023); Crisis Averted chart+studio (different key); Voice Memos: 14 recordings (2023-05-26..2025-05-23) — in Voice Memo Intake on Jeff's Mac,,bounces v1.4,"4 overdub items: chorus ""wohs"", background vox, bridge oohs/aahs, last-chorus lead vox",,"POTENTIAL 75: hook 16, lyric 14 (""one day at a time"" deployed sincerely — it works because the song is literally about that), truth 18 (recovery song addressed to his wife — heavy and real), structure 12 (Sail Away bridge lifts), identity 8, replay 7. Most overdub work left of the six. AUDIO ANALYSIS (2026-08-18): 2:13, key-est A (doc A/A#, consistent). I=-12.3 LUFS, LRA 2.7, TP +0.4 dBFS. Cold open, ends clean at ~2:10. ALBUM MIX NOTE: all measured masters exceed 0 dBFS true peak — final pass should limit to -1.0 dBTP and level-match tracks (Manic is 3dB hot). VOICE MEMOS: 14 matched (2023-05-26 to 2025-05-23). Older Take This Step v1.1/1.2 logicx (2023) + Crisis Averted studio take exist. Dustin Duffy recorded bass lines for this song (Stalemate Split/Bass Lines, 2023-12..2024-01)."
ST-0007,Be With You,Stalemate,original,Be With You v2.5,Jeff Story,high,demo+release,A live / F on song list,,86,82,high,full text read,"signal-analyzed (duration/tempo/key-est/loudness) — NOT auditioned, no transcription",Love song to a partner in the punk scene — the show only matters because she's there,"""Gonna go to the punk rock show... all I wanna do is just be with you""","LYRICS/02 doc (rev 2026-02-06 — recently touched!); Be With You v2.5 (SoundCloud, Another Bland EP 2023); Crisis Averted chart + studio (different key); setlist 4-26-24 original; Voice Memos: 13 recordings (2022-08-18..2024-10-25) — in Voice Memo Intake on Jeff's Mac",,Be With You v2.5 (SoundCloud),Decide: does this belong on the album (it was Prime Outline track 12) or the next EP?,,"POTENTIAL 86 (tied for #1): hook 20 (chorus is instant), lyric 17 (the dance-party-broken-foot verse is the most charming specific detail in the catalog), truth 18, structure 12 (bridge ""any mountain, any plane"" pays off), identity 10 (pure Jeff: punk show + devotion), replay 9. Jeff edited the doc in Feb 2026 — it's alive in his head. Strongest song NOT on the current album. VOICE MEMOS: 13 matched (2022-08-18 to 2024-10-25). 2023 studio take analyzed: 2:26, key F confirmed (matches song-list ""Be With You - F""), -11.4 LUFS. A real full studio recording exists → readiness raised 79→82."
ST-0008,It's Only Been 18,Stalemate,original,It's Been Only 18; Only 18,Jeff Story,high,demo+release,C doc / G live,212,76,80,high,full text read,metadata only,18th anniversary road-trip song — still lit up after all these years,"""The only thing I know / is that you make me aglow... it's been only 18?""",LYRICS/09 doc; 2020-Lyrics/Only 18 (2023); Jeff Story - Only 18 v1.5.mp3 + .logicx (2023-12); It's Been Only 18 (SoundCloud 2023); Crisis Averted chart+studio; Voice Memos: 8 recordings (2020-02-27..2024-10-25) — in Voice Memo Intake on Jeff's Mac,,Only 18 v1.5,Candidate for next-EP shortlist; v1.5 mix may be nearly done — needs a listening pass,,"POTENTIAL 76: hook 16, lyric 15 (Vermont, windows down — specific and sweet), truth 18 (a real marriage, a real number), structure 11, identity 9, replay 7. NOTE: distinct from ""Over 18"" (2010 album track 12) — do NOT merge. VOICE MEMOS: 8 matched (2020-02-27 to 2024-10-25)."
ST-0009,Long Long Drive,Stalemate,original,,Jeff Story,"high — CONFIRMED by Jeff 2026-08-18: ""long long drive is my song, i wrote it""",written + old recordings,Am,123,81,80,high,full text read,"signal-analyzed (duration/tempo/key-est/loudness) — NOT auditioned, no transcription","Depression hidden inside a good life — ""a loving wife and son, but I've got a dark corner""","""The headwinds are strong / I think I'm gonna implode... exposed, woh oh""","LYRICS/11 doc (chords, bg-vox map); SoundCloud /something-dirty-long-long-drive (2019, 241 plays); Times Have Changed set (2021); Crisis Averted chart + studio (different key); setlist 4-26-24 original; Prime Outline track 8; Voice Memos: 13 recordings (2019-10-14..2024-10-18) — in Voice Memo Intake on Jeff's Mac",,2019 SoundCloud recording (metadata only),"EXPERIMENTAL SLOT: modern full-band arrangement built from the documented chart (Am, 123bpm, bg-vox map already written)",,"POTENTIAL 81: hook 17, lyric 16 (""I wrote this at 39 / not to be a Sad Bear"" — devastating opening), truth 20 (max score; the most honest song in the vault), structure 12 (bridge asks the question the chorus can't), identity 9, replay 7. Has survived 3 band eras (SD 2019 → Crisis Averted → Stalemate sets) — Jeff keeps coming back to it. The background-vox outro map in the doc is an arrangement already half-designed. VOICE MEMOS: 13 matched (2019-10-14 to 2024-10-18). Crisis Averted studio take analyzed: 2:18, ~Ebm ~117bpm (the ""different key"" vs the Am chart confirmed). Working copy in 06_exports."
ST-0010,Wham Bam,Stalemate,original,,Jeff Story,high,released 2010 + live,E,150,59,85,high,full text read,metadata only,,,LYRICS/06 doc; My Mom Says We're Cool track 01 (2010); Crisis Averted chart+studio; setlists; Voice Memos: 5 recordings (2023-06-01..2024-02-28) — in Voice Memo Intake on Jeff's Mac,,2010 album master,"HOLD for re-evaluation: the 2004-era judgmental framing reads differently in 2026 — keep the riff/hook, consider a lyric rethink or retire proudly as a period piece",,"POTENTIAL 59: hook 17 (the wham-bam gang chant works), lyric 9, truth 8, structure 11, identity 7, replay 7. Fully finished recording exists; question is whether Jeff 2026 still wants to say this. VOICE MEMOS: 5 matched (2023-06-01 to 2024-02-28). 2023 remaster WAV exists (My Mom Says We're Cool/2023). Dustin Duffy recorded bass lines for this song (Stalemate Split/Bass Lines, 2023-12..2024-01)."
ST-0011,Planet Of The Flakes,Stalemate,original,,Jeff Story,high,released 2010 + live,,,51,83,high,full text read,metadata only,,,LYRICS/14 docx; My Mom Says We're Cool track 10 (2010); setlist 4-26-24 (C#); Voice Memos: 3 recordings (2022-03-30..2024-02-23) — in Voice Memo Intake on Jeff's Mac,,2010 album master,"Archive-with-honor: finished, released, still playable live; not a development priority",,"POTENTIAL 51: teenage insult-punk, fun live, limited ceiling. VOICE MEMOS: 3 matched (2022-03-30 to 2024-02-23). 2023 remaster WAV exists."
ST-0012,Don't Call Me A Hero,Stalemate,original,08 - Don't call me a hero,Jeff Story,high,"performed, no lyric doc",F# (live),,,,insufficient evidence,no doc found,metadata only,,,Set 6-1-2024 mp3 #08; setlist 4-26-24 original (sung by S); Voice Memos: 3 recordings (2024-01-12..2024-03-01) — in Voice Memo Intake on Jeff's Mac,,,Transcribe lyric from the 6-1-2024 set recording,Sung by S — authorship split?, VOICE MEMOS: 3 matched (2024-01-12 to 2024-03-01).
ST-0013,Graveyard Swiftly,Stalemate,original,Graveyard Scwifty; Graveyard shifty,Jeff Story,high,"performed, no lyric doc",E,,,,insufficient evidence,no doc found,metadata only,,,Set 6-1-2024 mp3 #10; setlist 4-26-24 original (S); Voice Memos: 6 recordings (2024-01-12..2024-10-25) — in Voice Memo Intake on Jeff's Mac,,,Transcribe from set recording,Authorship — sung by S, VOICE MEMOS: 6 matched (2024-01-12 to 2024-10-25).
ST-0014,Everyday,Stalemate,original,,Jeff Story,high,released 2010 + Rad Dad set,C,,,,insufficient evidence,no doc found,metadata only,,,My Mom Says We're Cool track 02 (2010); Rad Dad setlist (original); Stalemate song list; Voice Memos: 2 recordings (2022-03-30..2023-06-14) — in Voice Memo Intake on Jeff's Mac,,,,,Survived 16 years into current cover-band sets — that endurance is evidence of a real hook. Priority listen. VOICE MEMOS: 2 matched (2022-03-30 to 2023-06-14).
ST-0015,Annoying Me,Stalemate,original,,Jeff Story,high,recorded 2021,C,,55,,medium,full text read,metadata only,Depression-fueled rage at home,"""I'm sleep punching in the air... and I don't care""","2020-Lyrics/Annoying Me (2021); Annoying Me (SoundCloud 2021, 109 plays); Prime Outline track 11; song list **; Voice Memos: 7 recordings (2019-11-15..2024-10-04) — in Voice Memo Intake on Jeff's Mac",,,Read lyric doc next session,,"POTENTIAL 55: real subject; ""worse/adverse"" chorus rhyme is clinically stiff and fights the anger. VOICE MEMOS: 7 matched (2019-11-15 to 2024-10-04)."
ST-0016,Times Have Changed,Stalemate,original,,Jeff Story,high,recorded 2021 (EP title track),B (list) / G+A charts,,56,,medium,full text read,metadata only,"Relationship strain after ""Andrea"" arrives; personal in-jokes","""Can you say hi to Kimberley?""","2020-Lyrics doc (2020); Times Have Changed EP (SoundCloud 2021, 233 plays — highest recent-era); Crisis Averted charts in 2 keys; Voice Memos: 9 recordings (2021-03-04..2024-07-26) — in Voice Memo Intake on Jeff's Mac",,,,,"Title track of his own 2021 EP + best recent-era play count. Priority read+listen. POTENTIAL 56: conversational charm but diluted hook, thin V2, cliché travel lines. NOTE: the ""Andrea"" here reads like an arrival (child? storm?) — different from the Andrea elegy. Ask Jeff. VOICE MEMOS: 9 matched (2021-03-04 to 2024-07-26). Crisis Averted folder 11: chart in 2 keys + practice + studio takes confirmed."
ST-0017,What To Do,Stalemate,original,What to Do,Jeff Story,high,recorded 2020,Em,,73,,medium,full text read,"signal-analyzed (duration/tempo/key-est/loudness) — NOT auditioned, no transcription","Suicidal-crisis confessional, raw first person","""Betchu wonder what I'm gonna do tonight"" + antiphonal ""(They keep getting closer)""","2020-Lyrics doc (2020); SoundCloud 2020 (""an original song about being in the midst of depression""); Crisis Averted chart+studio; song list ***; Voice Memos: 1 recordings (2023-05-26..2023-05-26) — in Voice Memo Intake on Jeff's Mac",,,,,"HIDDEN GEM CANDIDATE: Jeff's own description marks it as the depression companion to Long Long Drive. Priority read+listen. POTENTIAL 73 (provisional — bridge marked ""still need to write""): hook 16, lyric 14, truth 19, structure 10 (incomplete), identity 9, replay 5. Hidden gem CONFIRMED; finishing the bridge is the unlock. VOICE MEMOS: 1 matched (2023-05-26 to 2023-05-26). Chart read: Key Cm, 84 BPM — a slow dark one. Studio take exists (different key). Dustin Duffy recorded bass lines for this song (Stalemate Split/Bass Lines, 2023-12..2024-01). Studio take analyzed: 2:15, ~Gm @ ~152bpm — a FAST full-band treatment vs the Cm/84 chart. Two very different versions of this song exist; both preserved."
ST-0018,In The End,Stalemate,original,,Jeff Story,high,multiple recordings,D,,,,low,no doc read,metadata only,,,Crisis Averted chart + practice + studio links; Something Dirty - In The End (Rhodes) v1.0.logicx (2023); song list ***; Voice Memos: 1 recordings (2023-06-01..2023-06-01) — in Voice Memo Intake on Jeff's Mac,,,,,"A Rhodes arrangement exists — someone cared enough to re-arrange it. Not the Linkin Park song; distinct from dustduff90's ""The End"". VOICE MEMOS: 1 matched (2023-06-01 to 2023-06-01)."
ST-0019,Candi Lane,Stalemate / Something Dirty,original,Candy Lane (2017),Jeff Story,high,performed both bands,A,,70,,medium,full text read,metadata only,"Anniversary love song — 18 years, real memories (Loves truck stop, Ardmore OK, the cop)","""Without her I'm insane""",2020-Lyrics/Candi Lane (2024) + Candy Lane (2017); SD setlist 5-13-2023 (marked *); Crisis Averted chart+studio (different key); song list ***; Voice Memos: 3 recordings (2020-06-23..2023-06-01) — in Voice Memo Intake on Jeff's Mac,,,,,"POTENTIAL 65: sturdy singalong chorus; 2024 rewrite trades whimsy for specificity. LINEAGE: Our Life (2014) → Candy Lane (2017) → Candi Lane (2024) — same chorus throughout; catalog as one song, three eras. The 2017 tag ""because she likes my band"" is arguably the best variant. VOICE MEMOS: 3 matched (2020-06-23 to 2023-06-01). Candy Lane 2017 full read RAISES the ceiling: the life-arc verses (kid, empty nest, ""one day one of us will go"") are quietly devastating, and ""especially because she likes my band"" is the best tag of any version. Composite potential 70. Best-of-both edit is a real opportunity."
ST-0020,"Mom, You're The Bomb",Stalemate / Something Dirty,co-write,Mom; Something Dirty - Mom,Jeff Story; Greg Baldia,co-write — Greg Baldia,released 2011 + charts,G list / C+D charts,,,,medium,not read,metadata only,,,"Something Dirty - Mom (SoundCloud 2011, 261 plays; desc: ""Greg Baldia and I wrote this... about my amazing Mom Connie Story""); Jeff Story - Mom You're The Bomb v2.2.wav (2023); Crisis Averted charts in C AND D; song list ***; Voice Memos: 7 recordings (2019-10-15..2023-08-18) — in Voice Memo Intake on Jeff's Mac; TBD Group folder (Drive, Jul 2024): Mom, You're The Bomb demo.mp3 — Jeff's own ""next up?"" demo compilation; twin of the private SoundCloud ""tbd"" playlist",,,,"LIKELY the same underlying song as 2011 ""Mom"" — treat as one entity pending Jeff's confirmation. Co-writer consent needed before any external/AI use.", VOICE MEMOS: 7 matched (2019-10-15 to 2023-08-18).
ST-0021,I'm Sorry I'm Crazy,Jeff Story,original,,Jeff Story,high,recorded 2021,B,,66,,medium,full text read,metadata only,Apology after a mental-health blowup,"""I'm sorry I'm crazy, and I was born this way""",2020-Lyrics doc; SoundCloud 2021 (181 plays); song list; Voice Memos: 2 recordings (2020-10-11..2020-10-11) — in Voice Memo Intake on Jeff's Mac,,,,,"POTENTIAL 66: catchy pop-punk shrug; ""born this way"" collides with Lady Gaga; final-chorus tag keeps mutating (pick one). VOICE MEMOS: 2 matched (2020-10-11 to 2020-10-11). Full read confirms 66: charming shrug-apology; drop the ""born this way"" collision."
ST-0022,Life At The Bottom,Jeff Story,original,,Jeff Story,high,recorded 2021,G,,64,,medium,full text read,metadata only,Rock-bottom acceptance after a public breakdown,"""Who knew life at the bottom ain't so bad""","2020-Lyrics doc (2021); SoundCloud 2021 (137 plays); Voice Memos: 2 recordings (2019-10-29..2021-01-20) — in Voice Memo Intake on Jeff's Mac; TBD Group folder (Drive, Jul 2024): Life at the Bottom v3.0.wav — Jeff's own ""next up?"" demo compilation; twin of the private SoundCloud ""tbd"" playlist",,,,,"POTENTIAL 64: good wry hook; chorus has a repeated typo-stumble (""I gotta it ain't so bad"") to fix; ""masses that are enslaved"" drifts into soapbox (shared vocabulary with Turn Over The Flag). VOICE MEMOS: 2 matched (2019-10-29 to 2021-01-20)."
ST-0023,Highs and Lows,Stalemate,original,,Jeff Story,high,demo 2024,,,64,,medium,full text read,metadata only,Bipolar swings anchored by a devoted partner,"""Oh brain won't you go away / Oh brain just let me escape""",NEW SONGS 2024 doc+demo; Jeff Story - High and Lows v2.wav (2022); Prime Outline track 5; Voice Memos: 14 recordings (2020-10-12..2025-05-16) — in Voice Memo Intake on Jeff's Mac,,,,,"POTENTIAL 64: bridge is the best section; ""You're the blood in my heart"" is a strong odd image; chorus wordy. Companion to Manic!!. VOICE MEMOS: 14 matched (2020-10-12 to 2025-05-16)."
ST-0024,I Need You,Stalemate,original,,Jeff Story,high,demo 2024,,,65,,medium,full text read,metadata only,Needing a partner to see past his mental illness,"""To understand I don't mean what I say""",NEW SONGS 2024 doc + demo (5-22-24); Prime Outline TRACK 1; Voice Memos: 6 recordings (2023-09-26..2024-11-22) — in Voice Memo Intake on Jeff's Mac,,,,,Was slated as Prime Outline album OPENER — but absent from the final six bounces. Why? Ask Jeff or check demo. POTENTIAL 65: echo-vocal chorus is radio-shaped; darker outro variant is the payoff; V2 smells greeting-card. Was Prime Outline TRACK 1 — worth a demo listen to see why it fell off the album. VOICE MEMOS: 6 matched (2023-09-26 to 2024-11-22).
ST-0025,Dystopian Choice,Jeff Story,original,,Jeff Story,high,recorded 2019 + demo 2024,,,62,,medium,full text read,metadata only,Anti-two-party protest,"""I'm just a pissed off American""",2020-Lyrics (2020) + NEW SONGS 2024 doc+demo; SoundCloud 2019 (18 plays); Prime Outline track 9; Voice Memos: 10 recordings (2024-05-22..2024-10-18) — in Voice Memo Intake on Jeff's Mac,,,,,POTENTIAL 62: the hook is a T-shirt; verses all abstraction. VOICE MEMOS: 10 matched (2024-05-22 to 2024-10-18).
ST-0026,Brave New World,Jeff Story,original,,Jeff Story,high,iPhone demo,,,50,,medium,full text read,metadata only,Anti-hypocrisy protest — sweatshops vs performative talk,"""Inclusion only works for those on top""","NEW SONGS 2024 doc + ""8-31-23 3 capo"" demo; SoundCloud 2022 demo (44 plays, ""recorded on my iPhone""); song list; Voice Memos: 10 recordings (2022-03-05..2024-05-22) — in Voice Memo Intake on Jeff's Mac",,,,,Hidden-gem queue: survived from 2022 demo to 2024 re-demo. POTENTIAL 50: skeletal (V2 = 3 lines); chorus grammar breaks down; strong single line though. VOICE MEMOS: 10 matched (2022-03-05 to 2024-05-22).
ST-0027,Morgan The Wizard,Stalemate,original,,Jeff Story,high,multiple logic versions,,,,,insufficient evidence,not found,metadata only,,,Prime Outline track 14; lyric video referenced; no doc/audio located; Voice Memos: 9 recordings (2022-02-23..2024-02-23) — in Voice Memo Intake on Jeff's Mac,,,,," VOICE MEMOS: 9 matched (2022-02-23 to 2024-02-23). Morgan The Wizard = the ""MJ the Wizard"" Logic lineage: v2.0 (2022) -> v3.0 (2023) -> v4.2 (2024) + 9 voice memos. A long-развиваемая song, not a stub. Dustin Duffy recorded bass lines for this song (Stalemate Split/Bass Lines, 2023-12..2024-01)."
ST-0028,The Prime Outline,Stalemate,original,,Jeff Story,high,demo + logic project,,,,,insufficient evidence,not found,metadata only,,,Prime Outline track 3 — the album's own title track; NO doc or audio found anywhere; Voice Memos: 10 recordings (2024-02-03..2025-05-23) — in Voice Memo Intake on Jeff's Mac,,,,Does this song exist (voice memo on phone?) or is it a concept?," VOICE MEMOS: 10 matched (2024-02-03 to 2025-05-23). The Prime Outline EXISTS: 10 voice memos (2024-02..2025-05) + J&C The Prime Outline v2.1.wav (Nov 2024 demo w/ Che) + The Prime Outline v1.3.logicx (Dec 2024). Stage: developed demo, was wrongly ""title only""."
ST-0029,Head in the Sand,Jeff Story,original,,Jeff Story,high,lyric only,B,,58,,medium,full text read,metadata only,Bitter breakup kiss-off (2012),"""head submerged in the sand / I guess that's why they call me a man""",2020-Lyrics (2021); song list **,,,,,"POTENTIAL 58: the sand/man turn is the one clever move; verses high-cliché. Full read (2012 doc) confirms 58; complete song, one clever turn."
ST-0030,Rabbit Hole,Stalemate,original,,Jeff Story,high,listed only,Bb,,,,insufficient evidence,not found,metadata only,,,song list **; Voice Memos: 1 recordings (2023-05-26..2023-05-26) — in Voice Memo Intake on Jeff's Mac,,,,, VOICE MEMOS: 1 matched (2023-05-26 to 2023-05-26).
ST-0031,Newfound Love,Jeff Story,original,New Found Love,Jeff Story,high,lyric only,Am,,62,,medium,full text read,metadata only,Rebuilding a marriage after self-destruction,"""But I gotta go through this to get to you""",2020-Lyrics (2020); song list; Voice Memos: 2 recordings (2020-10-07..2020-10-07) — in Voice Memo Intake on Jeff's Mac,,,,,POTENTIAL 62: that refrain IS the hook; rest of chorus flat; Matrix blue-pill reference dates it. VOICE MEMOS: 2 matched (2020-10-07 to 2020-10-07). Full read confirms 62.
ST-0032,Another Bland Love Song,Jeff Story,original,,Jeff Story,high,recorded 2023 (EP title track),G,,,,low,no doc found,metadata only,,,"SoundCloud 2023 (Another Bland EP); drums wav 2022 + mp3 2024-12; song list; Voice Memos: 4 recordings (2022-03-25..2024-07-27) — in Voice Memo Intake on Jeff's Mac; TBD Group folder (Drive, Jul 2024): Jeff Story - Another Bland Love Song.mp3 — Jeff's own ""next up?"" demo compilation; twin of the private SoundCloud ""tbd"" playlist",,,,,He named an EP after it — self-aware title is very Jeff. VOICE MEMOS: 4 matched (2022-03-25 to 2024-07-27).
JS-0001,Drinking Song,Something Dirty / Stalemate / Rad Dad,original,,Jeff Story,high,demo/mix,Am,,79,82,high,full text read,metadata only,,,"Doc ""Something Dirty - The Drinking Song"" (2022, full lyric+chords); Rad Dad setlist #15; 2GB live video 15 Drinking Song.mp4 (luckyivy86); SD sets; Voice Memos: 2 recordings (2022-03-30..2022-12-13) — in Voice Memo Intake on Jeff's Mac",,,,,"Three bands keep it in the set. Bar-singalong with a complete arc. POTENTIAL 79: hook 18 (""Oh hey bartender"" + Cheers! ending), lyric 15, truth 14, structure 13 (complete, chorded), identity 10, replay 9 (live weapon). Quick-win candidate for a proper studio recording. VOICE MEMOS: 2 matched (2022-03-30 to 2022-12-13)."
JS-0002,Going To New Mexico,Jeff Story,original,,Jeff Story,high,demo/mix,C,,,,low,not read,metadata only,,,"Let's Go To New Mexico on song list; Going To New Mexico v1.4 (2023) + v1.5 (2024-09) wav; Voice Memos: 4 recordings (2022-11-11..2023-01-29) — in Voice Memo Intake on Jeff's Mac; TBD Group folder (Drive, Jul 2024): Going To New Mexico demo.mp3 — Jeff's own ""next up?"" demo compilation; twin of the private SoundCloud ""tbd"" playlist",,,,,Two mix versions = active. Listen next session. VOICE MEMOS: 4 matched (2022-11-11 to 2023-01-29).
JS-0003,Less Miserable,Jeff Story,original,,Jeff Story,high,demo/mix,C,,,,low,not read,metadata only,,,"song list; v1.0.mp3 (2022); Less Miserable v1.1.logicx; Voice Memos: 1 recordings (2022-01-08..2022-01-08) — in Voice Memo Intake on Jeff's Mac; TBD Group folder (Drive, Jul 2024): Less Miserable demo.mp3 — Jeff's own ""next up?"" demo compilation; twin of the private SoundCloud ""tbd"" playlist",,,,, VOICE MEMOS: 1 matched (2022-01-08 to 2022-01-08).
JS-0004,Thanksgiving,Jeff Story,original,,Jeff Story,high,demo/mix,C,,,,low,not read,metadata only,,,"song list; Thanksgiving v1.4.wav (2022); Voice Memos: 6 recordings (2022-11-23..2023-11-03) — in Voice Memo Intake on Jeff's Mac; TBD Group folder (Drive, Jul 2024): Thanksgiving demo.mp3 — Jeff's own ""next up?"" demo compilation; twin of the private SoundCloud ""tbd"" playlist",,,,, VOICE MEMOS: 6 matched (2022-11-23 to 2023-11-03).
JS-0005,The Leaves Are Weak,Jeff Story,original,,Jeff Story,high,demo/mix,,,48,,medium,full text read,metadata only,Conformity-vs-free-will via falling leaves,"""The leaves are falling without thought""",NEW SONGS 2024 doc+demo; v1.0.wav (2023); song list; Voice Memos: 4 recordings (2023-05-30..2025-04-23) — in Voice Memo Intake on Jeff's Mac,,,,,"POTENTIAL 48: uniformly abstract, no concrete human anywhere; reads AI-polished — confirm provenance. VOICE MEMOS: 4 matched (2023-05-30 to 2025-04-23)."
JS-0006,A Better Way,Jeff Story,original,,Jeff Story,high,demo/mix,,,,,low,not read,metadata only,,,song list; A Better Way v1.0 wav (2023-09) + mp3 (2024-01); Voice Memos: 4 recordings (2023-09-26..2024-02-02) — in Voice Memo Intake on Jeff's Mac,,,,, VOICE MEMOS: 4 matched (2023-09-26 to 2024-02-02).
JS-0007,31 Timberview,Jeff Story,original,,Jeff Story,high,demo/mix,,,,,low,not read,metadata only,,,"song list (""31 Timberview""); 31 Timber View Ln v1.0 wav+mp3 (2023-11); Voice Memos: 3 recordings (2024-07-26..2025-05-23) — in Voice Memo Intake on Jeff's Mac",,,,, VOICE MEMOS: 3 matched (2024-07-26 to 2025-05-23).
JS-0008,Better Together,Jeff Story,original,,Jeff Story,high,demo/mix,,,,,low,not read,metadata only,,,Better Together v1.1.wav (2024-09),,,,,No lyric doc located.
JS-0009,Oui C'est Fou,Jeff Story,original,,Jeff Story,high,demo/mix,,,,,low,not read,metadata only,,,"Prime Outline ""in development""; Oui C'est Fou (Lyric Video).mp4 (2025-07); 99/90 Percent + Oui C'est Fou mixes folder; Voice Memos: 1 recordings (2025-01-24..2025-01-24) — in Voice Memo Intake on Jeff's Mac",,,,,Has a finished LYRIC VIDEO — that's promotion-level effort. Priority look. VOICE MEMOS: 1 matched (2025-01-24 to 2025-01-24).
JS-0010,90% / 99 Percent,Jeff Story,original,,Jeff Story,high,demo/mix,,,,,insufficient evidence,not found,metadata only,,,"Prime Outline ""in development"" (""90%""); 99/90 Percent mixes folder",,,,,
JS-0011,August Heated Nights,Jeff Story,original,,Jeff Story,high,demo/mix,,,52,,medium,full text read,metadata only,Ballad of pirate Black Sam Bellamy,"""We scorn to do mischief, but we must fight""",NEW SONGS 2024 doc (2024-04) + demo; song list; Voice Memos: 1 recordings (2022-08-06..2022-08-06) — in Voice Memo Intake on Jeff's Mac,,,,,POTENTIAL 52: title unrelated to lyric; CREDIT FLAG: bridge paraphrases Bellamy's real recorded speech; reads AI-assisted — confirm provenance with Jeff. VOICE MEMOS: 1 matched (2022-08-06 to 2022-08-06).
JS-0012,Don't Look Bach,Jeff Story,original,,Jeff Story,high,demo/mix,,,60,,medium,full text read,metadata only,"Corporate music industry vs artistic purity, Bach-pun conceit","""Johann, in your grave, do you toss and turn?""","NEW SONGS 2024 doc + v1.3.wav; song list (""Don't look bach""); Voice Memos: 1 recordings (2023-11-23..2023-11-23) — in Voice Memo Intake on Jeff's Mac",,,,,Pun title. v1.3 wav = multiple passes. POTENTIAL 60: fun live pun; cliché cluster + typos. VOICE MEMOS: 1 matched (2023-11-23 to 2023-11-23).
JS-0013,I Fall Down,Jeff Story,original,,Jeff Story,high,demo/mix,,,72,,medium,full text read,metadata only,"Bender/relapse romp, Alice-in-Wonderland framing","""Down down down down... down the rabbit hole again"" (stuttered singalong)",NEW SONGS 2024: I Fall Down Lyrics (2022) + m4a; Voice Memos: 2 recordings (2022-08-16..2022-10-19) — in Voice Memo Intake on Jeff's Mac,,,,,"POTENTIAL 72: fun hook, jump-blues chords documented (F Bb7 C7 F) — the only chord info in the whole NEW SONGS batch. VOICE MEMOS: 2 matched (2022-08-16 to 2022-10-19)."
JS-0014,Justify,Jeff Story,original,,Jeff Story,high,demo/mix,,,58,,medium,full text read,metadata only,Political-economic doom protest,"""Our future scares the shit outta me""",NEW SONGS 2024 doc (2023) + m4a; Voice Memos: 1 recordings (2022-01-08..2022-01-08) — in Voice Memo Intake on Jeff's Mac,,,,,"POTENTIAL 58 (provisional, bridge TBD). CREDIT FLAG: quotes Emerson's ""Boston"" verbatim (""For what avail the plough or sail..."") — needs attribution if released. VOICE MEMOS: 1 matched (2022-01-08 to 2022-01-08)."
JS-0015,Minor Lessons,Jeff Story,original,,Jeff Story,high,demo/mix,,,68,,medium,full text read,metadata only,"Roman-plebs-as-modern-populism concept song, ends in Latin","""We're all guilty in our thinking / That the other side is drinking / Their establishment's punch""",NEW SONGS 2024 doc (2022) + Minor Lessons v2.m4a; Voice Memos: 2 recordings (2020-05-11..2021-01-20) — in Voice Memo Intake on Jeff's Mac,,,,,"POTENTIAL 68: most ambitious writing in the batch; Les Mis-adjacent mutating chorus; ""Accountability in Dallas"" rhyme-grab to fix. VOICE MEMOS: 2 matched (2020-05-11 to 2021-01-20)."
JS-0016,Prevent The Fall,Jeff Story,original,,Jeff Story,high,demo/mix,,,60,,medium,full text read,metadata only,Depression recovery credited to a partner,"""Depression my proverbial noose""","NEW SONGS 2024 doc (2023) + ""Prevent the fall 3.m4a""; Voice Memos: 4 recordings (2021-04-23..2021-07-22) — in Voice Memo Intake on Jeff's Mac; TBD Group folder (Drive, Jul 2024): Prevent the fall demo.mp3 — Jeff's own ""next up?"" demo compilation; twin of the private SoundCloud ""tbd"" playlist",,,,,POTENTIAL 60: mantra chorus hypnotic-or-monotonous depending on riff; V3 sermonizes. VOICE MEMOS: 4 matched (2021-04-23 to 2021-07-22).
JS-0017,Starlight,Jeff Story,original,,Jeff Story,high,demo/mix,,,52,,medium,full text read,metadata only,"Devotional love song, night-sky frame","""Time flies by when you're awake""","NEW SONGS 2024 doc (2022) + ""Starlight vocals 2.m4a""; Voice Memos: 7 recordings (2021-09-22..2022-07-02) — in Voice Memo Intake on Jeff's Mac",,,,,"Not the Taylor Swift song (that would be in Trailer Swift folders) — verify. POTENTIAL 52: pleasant, rhyme-by-numbers. VOICE MEMOS: 7 matched (2021-09-22 to 2022-07-02)."
JS-0018,Synonyms For Stubborn,Jeff Story,original,,Jeff Story,high,demo/mix,,,75,,medium,full text read,metadata only,"Regret over a burned relationship, cycled through literal thesaurus words","""What binds us, divides us"" + the V3 turn from stubborn to ""A loser for all my life""",NEW SONGS 2024 doc (2022) + v1.1.wav; Voice Memos: 1 recordings (2020-10-23..2020-10-23) — in Voice Memo Intake on Jeff's Mac,,,,,Great title. POTENTIAL 75: cleverest structural idea in the batch; V3 redeems the gimmick. VOICE MEMOS: 1 matched (2020-10-23 to 2020-10-23).
JS-0019,Taking Flight,Jeff Story,original,,Jeff Story,high,demo/mix,,,,,low,not read,metadata only,,,"NEW SONGS 2024 ""Taking Flight 5-2-24 2.m4a"" (no doc); Voice Memos: 9 recordings (2024-03-29..2024-06-21) — in Voice Memo Intake on Jeff's Mac",,,,, VOICE MEMOS: 9 matched (2024-03-29 to 2024-06-21).
JS-0020,The Catalyst,Jeff Story,original,,Jeff Story,high,demo/mix,,,54,,medium,full text read,metadata only,Populist unity anthem,"""Our leaders are the ones who should live in fear""",NEW SONGS 2024 doc (2023) + m4a; Voice Memos: 1 recordings (2020-08-01..2020-08-01) — in Voice Memo Intake on Jeff's Mac,,,,,"Verify not the Linkin Park song. POTENTIAL 54: polysyllabic chorus fights the melody; ""tarriance"" is a dictionary reach. VOICE MEMOS: 1 matched (2020-08-01 to 2020-08-01)."
JS-0021,Why Do I...,Jeff Story,original,,Jeff Story,high,demo/mix,,,77,,medium,full text read,metadata only,Suicidal ideation despite a good life — stark and unadorned,"""Why do I wanna die? / I have such a great life"" — brutal because it's unpoetic",NEW SONGS 2024 doc (2024-01) + m4a; Voice Memos: 2 recordings (2023-01-11..2023-01-11) — in Voice Memo Intake on Jeff's Mac,,,,,"POTENTIAL 77: truth 20 (max), hook 18; ★★★★ from lyric-editor pass. With Manic!! and Why Do I..., there is a devastating mental-health song cluster in NEW SONGS 2024. Companion: What To Do, Long Long Drive. VOICE MEMOS: 2 matched (2023-01-11 to 2023-01-11)."
JS-0022,You Complete Me,Jeff Story,original,,Jeff Story,high,demo/mix,,,52,,medium,full text read,metadata only,Long-distance love / airport goodbye,"""Feels like 10,000 days since you went away""",NEW SONGS 2024 doc (2021) + You Complete Me v1.0_1.wav; Voice Memos: 5 recordings (2021-04-06..2025-05-23) — in Voice Memo Intake on Jeff's Mac,,,,,"POTENTIAL 52: Jerry Maguire catchphrase hook — sweet, well-trodden. VOICE MEMOS: 5 matched (2021-04-06 to 2025-05-23)."
JS-0023,Unjustified,Jeff Story,original,,Jeff Story,high,demo/mix,,,,,insufficient evidence,not found,metadata only,,,"NEW SONGS 2024 ""unjustified v1.3 drums.wav""; Voice Memos: 1 recordings (2020-06-13..2020-06-13) — in Voice Memo Intake on Jeff's Mac",,,,,"Related to ""Justify""? Same song? Flag for review. VOICE MEMOS: 1 matched (2020-06-13 to 2020-06-13)."
JS-0047,A Simpler Life,Jeff Story,original,,Jeff Story,high,lyric only (deep archive),,,55,,medium,full text read,metadata only,Pastoral escape dream,"""A simpler life for you and me""",MUSIC/Lyrics (2020) folder; Voice Memos: 1 recordings (2020-10-16..2020-10-16) — in Voice Memo Intake on Jeff's Mac,,,,,"Deep-archive lyric doc; unread. Batch-read in a later session. VOICE MEMOS: 1 matched (2020-10-16 to 2020-10-16). ARCHIVE: 55. NOTE THE GARDEN MOTIF: ""fresh garden"" here, ""under the garden"" in Long Long Drive AND Life at the Bottom, ""painting in the garden"" in Our Last Night — a recurring Jeff image = candidate album/EP concept thread."
JS-0048,Blindfolds,Jeff Story,original,,Jeff Story,high,lyric only (deep archive),,,62,,medium,full text read,metadata only,Keeping-up-with-the-neighbors consumerism satire (2016),"""Their blindfolds are better than ours""",MUSIC/Lyrics (2020) folder; Voice Memos: 1 recordings (2022-03-30..2022-03-30) — in Voice Memo Intake on Jeff's Mac,,,,,Deep-archive lyric doc; unread. Batch-read in a later session. VOICE MEMOS: 1 matched (2022-03-30 to 2022-03-30). ARCHIVE: 62 — the hook line is genuinely good; verses need tightening.
JS-0049,Bottom Of My Heart,Jeff Story,original,,Jeff Story,high,lyric only (deep archive),,,56,,medium,full text read,metadata only,Groveling win-back apology,"""you and I are meant to be Sublime""",MUSIC/Lyrics (2020) folder; Voice Memos: 1 recordings (2020-10-22..2020-10-22) — in Voice Memo Intake on Jeff's Mac,,,,,Deep-archive lyric doc; unread. Batch-read in a later session. VOICE MEMOS: 1 matched (2020-10-22 to 2020-10-22). ARCHIVE: 56 — the Sublime pun is the personality moment.
JS-0050,Drums of War,Jeff Story,original,,Jeff Story,high,lyric only (deep archive),,,52,,medium,full text read,metadata only,Anti-apathy war warning (2015),"""Apathy makes enemies""",MUSIC/Lyrics (2020) folder,,,,,"Deep-archive lyric doc; unread. Batch-read in a later session. ARCHIVE: 52. NOTE: closing lines borrow the famous Dante-paraphrase (""hottest places in hell..."") — attribution-safe (common paraphrase) but flag."
JS-0051,Get Outta The City,Jeff Story,original,,Jeff Story,high,lyric only (deep archive),,,45,,medium,full text read,metadata only,,,MUSIC/Lyrics (2020) folder,,,,,"Deep-archive lyric doc; unread. Batch-read in a later session. ARCHIVE: fragment, 45."
JS-0052,Go My Way,Jeff Story,draft/ancestor of Our Last Night (Moonlight Pride),,Jeff Story,high,lyric only (deep archive),,,,,low,not read,metadata only,,,MUSIC/Lyrics (2020) folder,,,,,"Deep-archive lyric doc; unread. Batch-read in a later session. Shares verse text with Our Last Night — same song family, earlier draft."
JS-0053,Heart Racing,Jeff Story,original,,Jeff Story,high,lyric only (deep archive),,,60,,medium,full text read,metadata only,"Panic/crisis from the inside — ""mental jail""","""I just can't handle mental jail""",MUSIC/Lyrics (2020) folder,,,,,"Deep-archive lyric doc; unread. Batch-read in a later session. ARCHIVE: 60 — max honesty, minimal craft polish; part of the crisis cluster (What To Do, Why Do I..., Manic). Handle with care and Jeff's lead."
JS-0054,Hey There,Jeff Story,"adaptation/parody — ""Hey There Delilah"" (Plain White T's) with rewritten Andrea lyric",,(original artist),cover/adaptation — excluded from originals; no external upload,lyric only (deep archive),,,,,low,full text read,metadata only,,,MUSIC/Lyrics (2020) folder,,,,,"Deep-archive lyric doc; unread. Batch-read in a later session. RECLASSIFIED: full text = Hey There Delilah melody/structure with Andrea substituted. NOT an original; never rank, never upload. ""Hey There Andrea v.1.0.logicx"" (2022) is the recording of this."
JS-0055,Independence Day,Jeff Story,original,,Jeff Story,high,lyric only (deep archive),,,50,,medium,full text read,metadata only,Lockdown-era freedom protest,,MUSIC/Lyrics (2020) folder; Voice Memos: 1 recordings (2021-01-22..2021-01-22) — in Voice Memo Intake on Jeff's Mac,,,,,Deep-archive lyric doc; unread. Batch-read in a later session. VOICE MEMOS: 1 matched (2021-01-22 to 2021-01-22). ARCHIVE: 50 — of-its-moment.
JS-0056,Insane,Jeff Story,original,,Jeff Story,high,lyric only (deep archive),,,30,,medium,full text read,metadata only,,,MUSIC/Lyrics (2020) folder,,,,,"Deep-archive lyric doc; unread. Batch-read in a later session. ARCHIVE: 2-line phone-typo fragment, 30."
JS-0057,Life In America 2018,Jeff Story,original,,Jeff Story,high,lyric only (deep archive),,,58,,medium,full text read,metadata only,State-of-the-nation lament with a family frame,"""This is life in America... where sanity is no longer found""",MUSIC/Lyrics (2020) folder,,,,,Deep-archive lyric doc; unread. Batch-read in a later session. ARCHIVE: 58 — Mommy/Daddy verses are the distinctive part.
JS-0058,Mayhem,Jeff Story,original,,Jeff Story,high,lyric only (deep archive),,,42,,medium,full text read,metadata only,"Comedy dog elegy (craigslist pup named Mayhem, a.k.a. Dump Truck)",,MUSIC/Lyrics (2020) folder,,,,,"Deep-archive lyric doc; unread. Batch-read in a later session. ARCHIVE: fragment, 42 — pure charm, no structure yet."
JS-0059,Misery,Jeff Story,original,,Jeff Story,high,lyric only (deep archive),,,79,,medium,full text read,metadata only,"His wife watching his depression, 18 years in — sung from awareness of what it costs her","""She's gettin' real tired of my misery / I'm only half of what I used to be""",MUSIC/Lyrics (2020) folder; Voice Memos: 1 recordings (2019-10-12..2019-10-12) — in Voice Memo Intake on Jeff's Mac,,,,,"Deep-archive lyric doc; unread. Batch-read in a later session. VOICE MEMOS: 1 matched (2019-10-12 to 2019-10-12). ARCHIVE STANDOUT (2019): hook 17, lyric 15 (""wanna-be rockstar in BIG D""), truth 19 (the empathy flip — her fatigue, not just his pain — is rare in this catalog), structure 12 (solo+bridge complete), identity 9, replay 7 = 79. TOP-6 SONG, previously invisible. On the UnRecorded list too."
JS-0060,My Muse Abuse,Jeff Story,original,,Jeff Story,high,lyric only (deep archive),,,45,,medium,full text read,metadata only,,,MUSIC/Lyrics (2020) folder,,,,,"Deep-archive lyric doc; unread. Batch-read in a later session. ARCHIVE: fragment, 45; rabbit-hole image links to I Fall Down."
JS-0061,Old You,Jeff Story,original,,Jeff Story,high,lyric only (deep archive),,,70,,medium,full text read,metadata only,Wanting the person someone used to be — long-marriage erosion,"""I want the you I used to know / just look at the bright north star above""",MUSIC/Lyrics (2020) folder; Voice Memos: 6 recordings (2021-02-27..2023-06-14) — in Voice Memo Intake on Jeff's Mac,,,,,"Deep-archive lyric doc; unread. Batch-read in a later session. VOICE MEMOS: 6 matched (2021-02-27 to 2023-06-14). ARCHIVE: 70 — real ache, ""drove to Maine"" specificity; bridge darkens honestly. Logic project v3.2 exists (2022)."
JS-0062,Our Last Night (Moonlight Pride),Jeff Story,original,,Jeff Story,high,lyric only (deep archive),,,64,,medium,full text read,metadata only,"A relationship's last night, mental illness in the room","""It's not right / this will be known as our last night""",MUSIC/Lyrics (2020) folder; Voice Memos: 2 recordings (2021-02-06..2021-03-08) — in Voice Memo Intake on Jeff's Mac,,,,,"Deep-archive lyric doc; unread. Batch-read in a later session. VOICE MEMOS: 2 matched (2021-02-06 to 2021-03-08). ARCHIVE: 64. SAME SONG FAMILY as ""Go my way"" (shares the ""went my way / normal brain"" verse) — treat Go my way as an ancestor draft, one entity."
JS-0063,Over 40,Jeff Story,original,,Jeff Story,high,lyric only (deep archive),,,60,,medium,full text read,metadata only,"Comedy narrative: over-40 guy, age-gap misadventure, jail-twist ending","""God it sucks being over 40""",MUSIC/Lyrics (2020) folder,,,,,Deep-archive lyric doc; unread. Batch-read in a later session. ARCHIVE: 60 AS COMEDY — complete story arc with punchline; a live crowd-pleaser for the right room. Content is bawdy; fine for bars.
JS-0064,Resist,Jeff Story,original,Resist?; Resist Lyrics,Jeff Story,high,lyric only (deep archive),,,52,,medium,full text read,metadata only,,,MUSIC/Lyrics (2020) folder; Voice Memos: 1 recordings (2020-05-26..2020-05-26) — in Voice Memo Intake on Jeff's Mac,,,,,"Deep-archive lyric doc; unread. Batch-read in a later session. VOICE MEMOS: 1 matched (2020-05-26 to 2020-05-26). Two doc versions (2020, 2021) = one song; checklist-protest structure; datedness is the risk. 52."
JS-0065,Talk To Me,Jeff Story,original,,Jeff Story,high,lyric only (deep archive),,,58,,medium,full text read,metadata only,"Lost-muse plea, half-comic","""I lost my muse... that's the worst thing to lose""",MUSIC/Lyrics (2020) folder; Voice Memos: 1 recordings (2021-02-07..2021-02-07) — in Voice Memo Intake on Jeff's Mac,,,,,Deep-archive lyric doc; unread. Batch-read in a later session. VOICE MEMOS: 1 matched (2021-02-07 to 2021-02-07). ARCHIVE: 58.
JS-0066,The World's Gonna End,Jeff Story,original,,Jeff Story,high,lyric only (deep archive),,,55,,medium,full text read,metadata only,Apocalypse singalong satire (2012),"""The world's gonna end (somebody stop it)""",MUSIC/Lyrics (2020) folder,,,,,Deep-archive lyric doc; unread. Batch-read in a later session. ARCHIVE: 55 — call-and-response structure is stage-ready; topical references date it.
JS-0067,Unity,Jeff Story,original,,Jeff Story,high,lyric only (deep archive),,,48,,medium,full text read,metadata only,Teenage unity protest (2010),,MUSIC/Lyrics (2020) folder,,,,,"Deep-archive lyric doc; unread. Batch-read in a later session. ARCHIVE: 48 — period piece; ""1,2,3 GO"" is fun."
JS-0068,Unknown Song,Jeff Story,original,,Jeff Story,high,lyric only (deep archive),,,38,,medium,full text read,metadata only,,,MUSIC/Lyrics (2020) folder; Voice Memos: 3 recordings (2019-10-12..2022-02-19) — in Voice Memo Intake on Jeff's Mac,,,,,"Deep-archive lyric doc; unread. Batch-read in a later session. VOICE MEMOS: 3 matched (2019-10-12 to 2022-02-19). ARCHIVE: 8-line fragment, 38."
JS-0069,Room At The Top,Jeff Story,"cover chart — Tom Petty ""Room at the Top""",,(original artist),cover/adaptation — excluded from originals; no external upload,lyric only (deep archive),,,,,low,full text read,metadata only,,,MUSIC/Lyrics (2020) folder,,,,,Deep-archive lyric doc; unread. Batch-read in a later session. RECLASSIFIED: doc is a chord chart of the Petty song.
JS-0070,Andrea (lyric rev 2023),Jeff Story,original,,Jeff Story,high,lyric only (deep archive),,,,,low,not read,metadata only,,,MUSIC/Lyrics (2020) folder,,,,,Deep-archive lyric doc; unread. Batch-read in a later session.
ST-0101,Jettison,Stalemate,original,,Jeff Story,high,released 2010,,,,,medium,not read,metadata only,,,My Mom Says We're Cool (2010 album),,,,,Finished 2010 recording exists.
ST-0102,This Can't Be,Stalemate,original,,Jeff Story,high,released 2010,,,,,medium,not read,metadata only,,,My Mom Says We're Cool (2010 album); Voice Memos: 3 recordings (2023-08-18..2023-09-01) — in Voice Memo Intake on Jeff's Mac,,,,,Finished 2010 recording exists. VOICE MEMOS: 3 matched (2023-08-18 to 2023-09-01).
ST-0103,My Mom Says We're Cool,Stalemate,original,,Jeff Story,high,released 2010,,,,,medium,not read,metadata only,,,My Mom Says We're Cool (2010 album),,,,,Finished 2010 recording exists.
ST-0104,I'm A Loser,Stalemate,original,,Jeff Story,high,released 2010,,,,,medium,not read,metadata only,,,My Mom Says We're Cool (2010 album),,,,,Finished 2010 recording exists.
ST-0105,A New Girlfriend,Stalemate,original,,Jeff Story,high,released 2010,,,,,medium,not read,metadata only,,,My Mom Says We're Cool (2010 album),,,,,Finished 2010 recording exists.
ST-0106,Untrue,Stalemate,original,,Jeff Story,high,released 2010,,,,,medium,not read,metadata only,,,My Mom Says We're Cool (2010 album),,,,,Finished 2010 recording exists.
ST-0107,The Sky Is Blue,Stalemate,original,,Jeff Story,high,released 2010,,,,,medium,not read,metadata only,,,My Mom Says We're Cool (2010 album),,,,,Finished 2010 recording exists.
ST-0108,Over 18,Stalemate,original,,Jeff Story,high,released 2010,,,,,medium,not read,metadata only,,,My Mom Says We're Cool (2010 album),,,,,"Finished 2010 recording exists. ""Over 18"" is DISTINCT from ""It's Only Been 18""."
ST-0110,Andrea,Stalemate,original,,Jeff Story,high,released 2010 + 2023 remaster + 2023 re-arrangement,,,73,,medium,full text read,metadata only,Elegy for a woman lost to addiction — beach romance turns overdose narrative,"""Andrea don't go away"" / ""(I know I'll be with you one day)""",My Mom Says We're Cool track 03 (2010); 2020-Lyrics/Andrea doc (rev 2023-11); Voice Memos: 1 recordings (2020-09-28..2020-09-28) — in Voice Memo Intake on Jeff's Mac,,,,,"Jeff revised this lyric 13 years after release — something pulled him back. Hidden-gem queue. POTENTIAL 73: strongest narrative arc in the catalog (truth 18, structure 12); V1 meet-cute (""offer you a brew"") needs a rewrite to match the weight of V3. Two ""Verse 2"" labels in doc. VOICE MEMOS: 1 matched (2020-09-28 to 2020-09-28). Andrea revival found: Stalemate - Andrea v1.2.logicx + v1.3.wav (Jul 2023), ""Ne Andrea""/""Hey There Andrea"" projects, 2023 remaster of the 2010 track. ALSO: Dustin Duffy holds an ""andrea lyrics"" doc — SAME song, same words/chords (his copy or old co-write? ask casually)."
SD-0001,I Hate This Part,Something Dirty,original,,Jeff Story,high,varies,,,,,low,not read,metadata only,,,"2011 EP track 01 (""I Hate The Part""); SoundCloud 2012 (430 plays); SD setlist 5-13-23; Voice Memos: 3 recordings (2021-10-27..2023-03-24) — in Voice Memo Intake on Jeff's Mac",,,,,Title matches a Pussycat Dolls song but this is the 2011 SD original — verified distinct by era; lyric unverified. VOICE MEMOS: 3 matched (2021-10-27 to 2023-03-24).
SD-0002,I'm OK,Something Dirty,original,,Jeff Story,high,varies,,,,,low,not read,metadata only,,,2011 EP track 02,,,,,
SD-0003,Love In A Pill,Something Dirty,original,,Jeff Story,high,varies,,,,,low,not read,metadata only,,,2011 EP track 03,,,,,
SD-0004,Velvet Roses,Something Dirty,original,,Jeff Story,high,varies,G,,,,low,not read,metadata only,,,2011 EP track 04; SD setlist 5-13-23; Voice Memos: 2 recordings (2022-03-30..2023-04-07) — in Voice Memo Intake on Jeff's Mac,,,,, VOICE MEMOS: 2 matched (2022-03-30 to 2023-04-07).
SD-0005,Day In The Life,Something Dirty,original,,Jeff Story,high,varies,,,,,low,not read,metadata only,,,2011 EP track 05; SoundCloud 2012 (476 plays — 2nd highest all-time); Voice Memos: 1 recordings (2022-03-30..2022-03-30) — in Voice Memo Intake on Jeff's Mac,,,,,Beatles-title ambiguity: probably an original sharing the title; VERIFY lyric before ranking. 476 plays = his most-heard band recording. VOICE MEMOS: 1 matched (2022-03-30 to 2022-03-30).
SD-0006,Going To Cali,Something Dirty,original,,Jeff Story,high,varies,B,,68,,medium,full text read,metadata only,Escape-the-city road anthem (Something Dirty core song),"""A SigAlert / What the fuck does that mean?""",2020-Lyrics doc (2019); Going to Cali v1.0.logicx x2 (2022+2023); SD - Going to Cali v3.0.logicx; SD setlist; Voice Memos: 4 recordings (2022-03-30..2023-04-07) — in Voice Memo Intake on Jeff's Mac,,,,,THREE Logic projects = the most-arranged unreleased song in the vault. Priority listen. POTENTIAL 68: the SigAlert joke is great; solid chorus; outro chant closer. Combined with THREE Logic projects = readiness is real. (Scored under SD-0006 too.) Lyric read 2026-08-18: solid chorus + great ironic joke; 3 Logic projects; top SD revival candidate. VOICE MEMOS: 4 matched (2022-03-30 to 2023-04-07).
SD-0007,Cigarettes In A,Something Dirty,original,,Jeff Story,high,varies,A,,,,low,not read,metadata only,,,SD - Cigerettes in A v6.9.logicx (2023) — note v6.9!; SD setlist 5-13-23 *; Voice Memos: 1 recordings (2023-03-24..2023-03-24) — in Voice Memo Intake on Jeff's Mac,,,,,v6.9 = ~7 project revisions. Someone loves this song. No lyric doc found. VOICE MEMOS: 1 matched (2023-03-24 to 2023-03-24).
SD-0008,Bad Idea,Something Dirty,original,,Jeff Story,high,varies,Em,,,,low,not read,metadata only,,,SD setlist 5-13-23 *; Voice Memos: 2 recordings (2023-03-22..2023-03-24) — in Voice Memo Intake on Jeff's Mac,,,,, VOICE MEMOS: 2 matched (2023-03-22 to 2023-03-24).
SD-0009,Dr Pepper,Something Dirty,original,,Jeff Story,high,varies,,,,,low,not read,metadata only,,,SD setlist 5-13-23 *; Voice Memos: 1 recordings (2023-04-07..2023-04-07) — in Voice Memo Intake on Jeff's Mac,,,,, VOICE MEMOS: 1 matched (2023-04-07 to 2023-04-07).
SD-0010,Disconnect,Something Dirty,original,,Jeff Story,high,varies,C,,,,low,not read,metadata only,,,SD setlist 5-13-23 *; Voice Memos: 2 recordings (2023-03-22..2023-03-24) — in Voice Memo Intake on Jeff's Mac,,,,, VOICE MEMOS: 2 matched (2023-03-22 to 2023-03-24).
SD-0011,Our Life,Something Dirty,original,,Jeff Story,high,varies,,,55,,medium,full text read,metadata only,,,SD folder lyric doc (2014); Voice Memos: 1 recordings (2022-09-27..2022-09-27) — in Voice Memo Intake on Jeff's Mac,,,,," Through-composed, no chorus; death stanzas have real weight. ANCESTOR DOC of Candy Lane/Candi Lane — the lineage source. VOICE MEMOS: 1 matched (2022-09-27 to 2022-09-27)."
UNK-0001,Deadweight,Dustin Duffy (Stalemate Split),Dustin Duffy composition (Jeff's bandmate/buddy),,Dustin Duffy,Dustin's songs per Jeff 2026-08-18. Catalog as collaborator material; never rank as Jeff originals; no external use without Dustin.,split project,,170,,,medium,full text read,metadata only,,,"Structures, Progressions and Changes doc (dustduff90@gmail.com, rev 2025-10-31); Stalemate Split/Stems/<song> <bpm>bpm folder (Aug 2025 — ACTIVE project)",,,,Who wrote what? These 12-13 songs appear ONLY in the collaborator's doc.,Part of an apparent Stalemate Split release with a collaborator.
UNK-0002,She's Not All There,Dustin Duffy (Stalemate Split),Dustin Duffy composition (Jeff's bandmate/buddy),,Dustin Duffy,Dustin's songs per Jeff 2026-08-18. Catalog as collaborator material; never rank as Jeff originals; no external use without Dustin.,split project,,155,,,medium,full text read,metadata only,,,"Structures, Progressions and Changes doc (dustduff90@gmail.com, rev 2025-10-31); Stalemate Split/Stems/<song> <bpm>bpm folder (Aug 2025 — ACTIVE project)",,,,Who wrote what? These 12-13 songs appear ONLY in the collaborator's doc.,Part of an apparent Stalemate Split release with a collaborator.
UNK-0003,Rock Brigade,Dustin Duffy (Stalemate Split),Dustin Duffy composition (Jeff's bandmate/buddy),,Dustin Duffy,Dustin's songs per Jeff 2026-08-18. Catalog as collaborator material; never rank as Jeff originals; no external use without Dustin.,split project,,180,,,medium,full text read,metadata only,,,"Structures, Progressions and Changes doc (dustduff90@gmail.com, rev 2025-10-31); Stalemate Split/Stems/<song> <bpm>bpm folder (Aug 2025 — ACTIVE project)",,,,Who wrote what? These 12-13 songs appear ONLY in the collaborator's doc.,Part of an apparent Stalemate Split release with a collaborator. Shares a title with a Def Leppard song but the lyric is different/original.
UNK-0004,Captain Freedom's Workout,Dustin Duffy (Stalemate Split),Dustin Duffy composition (Jeff's bandmate/buddy),,Dustin Duffy,Dustin's songs per Jeff 2026-08-18. Catalog as collaborator material; never rank as Jeff originals; no external use without Dustin.,split project,,160,,,medium,full text read,metadata only,,,"Structures, Progressions and Changes doc (dustduff90@gmail.com, rev 2025-10-31); Stalemate Split/Stems/<song> <bpm>bpm folder (Aug 2025 — ACTIVE project)",,,,Who wrote what? These 12-13 songs appear ONLY in the collaborator's doc.,Part of an apparent Stalemate Split release with a collaborator.
UNK-0005,Catharsis,Dustin Duffy (Stalemate Split),Dustin Duffy composition (Jeff's bandmate/buddy),,Dustin Duffy,Dustin's songs per Jeff 2026-08-18. Catalog as collaborator material; never rank as Jeff originals; no external use without Dustin.,split project,,185,,,medium,full text read,metadata only,,,"Structures, Progressions and Changes doc (dustduff90@gmail.com, rev 2025-10-31); Stalemate Split/Stems/<song> <bpm>bpm folder (Aug 2025 — ACTIVE project)",,,,Who wrote what? These 12-13 songs appear ONLY in the collaborator's doc.,Part of an apparent Stalemate Split release with a collaborator.
UNK-0006,Fool,Dustin Duffy (Stalemate Split),Dustin Duffy composition (Jeff's bandmate/buddy),,Dustin Duffy,Dustin's songs per Jeff 2026-08-18. Catalog as collaborator material; never rank as Jeff originals; no external use without Dustin.,split project,,175,,,medium,partial,metadata only,,,"Structures, Progressions and Changes doc (dustduff90@gmail.com, rev 2025-10-31); Stalemate Split/Stems/<song> <bpm>bpm folder (Aug 2025 — ACTIVE project)",,,,Who wrote what? These 12-13 songs appear ONLY in the collaborator's doc.,Part of an apparent Stalemate Split release with a collaborator.
UNK-0007,"Guns, Glory and Goners",Dustin Duffy (Stalemate Split),Dustin Duffy composition (Jeff's bandmate/buddy),,Dustin Duffy,Dustin's songs per Jeff 2026-08-18. Catalog as collaborator material; never rank as Jeff originals; no external use without Dustin.,split project,,85,,,medium,full text read,metadata only,,,"Structures, Progressions and Changes doc (dustduff90@gmail.com, rev 2025-10-31); Stalemate Split/Stems/<song> <bpm>bpm folder (Aug 2025 — ACTIVE project)",,,,Who wrote what? These 12-13 songs appear ONLY in the collaborator's doc.,Part of an apparent Stalemate Split release with a collaborator.
UNK-0008,mp3.com,Dustin Duffy (Stalemate Split),Dustin Duffy composition (Jeff's bandmate/buddy),,Dustin Duffy,Dustin's songs per Jeff 2026-08-18. Catalog as collaborator material; never rank as Jeff originals; no external use without Dustin.,split project,,145,,,medium,full text read,metadata only,,,"Structures, Progressions and Changes doc (dustduff90@gmail.com, rev 2025-10-31); Stalemate Split/Stems/<song> <bpm>bpm folder (Aug 2025 — ACTIVE project)",,,,Who wrote what? These 12-13 songs appear ONLY in the collaborator's doc.,"Part of an apparent Stalemate Split release with a collaborator. Lyric namechecks ""Jeff and Che got me squared away"" — about joining this band."
UNK-0009,Rockin' R,Dustin Duffy (Stalemate Split),Dustin Duffy composition (Jeff's bandmate/buddy),,Dustin Duffy,Dustin's songs per Jeff 2026-08-18. Catalog as collaborator material; never rank as Jeff originals; no external use without Dustin.,split project,,190,,,medium,full text read,metadata only,,,"Structures, Progressions and Changes doc (dustduff90@gmail.com, rev 2025-10-31); Stalemate Split/Stems/<song> <bpm>bpm folder (Aug 2025 — ACTIVE project)",,,,Who wrote what? These 12-13 songs appear ONLY in the collaborator's doc.,Part of an apparent Stalemate Split release with a collaborator.
UNK-0010,Scapegoat,Dustin Duffy (Stalemate Split),Dustin Duffy composition (Jeff's bandmate/buddy),,Dustin Duffy,Dustin's songs per Jeff 2026-08-18. Catalog as collaborator material; never rank as Jeff originals; no external use without Dustin.,split project,,165,,,medium,full text read,metadata only,,,"Structures, Progressions and Changes doc (dustduff90@gmail.com, rev 2025-10-31); Stalemate Split/Stems/<song> <bpm>bpm folder (Aug 2025 — ACTIVE project)",,,,Who wrote what? These 12-13 songs appear ONLY in the collaborator's doc.,Part of an apparent Stalemate Split release with a collaborator.
UNK-0011,Searching,Dustin Duffy (Stalemate Split),Dustin Duffy composition (Jeff's bandmate/buddy),,Dustin Duffy,Dustin's songs per Jeff 2026-08-18. Catalog as collaborator material; never rank as Jeff originals; no external use without Dustin.,split project,,155,,,medium,full text read,metadata only,,,"Structures, Progressions and Changes doc (dustduff90@gmail.com, rev 2025-10-31); Stalemate Split/Stems/<song> <bpm>bpm folder (Aug 2025 — ACTIVE project)",,,,Who wrote what? These 12-13 songs appear ONLY in the collaborator's doc.,Part of an apparent Stalemate Split release with a collaborator.
UNK-0012,The End,Dustin Duffy (Stalemate Split),Dustin Duffy composition (Jeff's bandmate/buddy),,Dustin Duffy,Dustin's songs per Jeff 2026-08-18. Catalog as collaborator material; never rank as Jeff originals; no external use without Dustin.,split project,,,,,medium,partial,metadata only,,,"Structures, Progressions and Changes doc (dustduff90@gmail.com, rev 2025-10-31)",,,,Who wrote what? These 12-13 songs appear ONLY in the collaborator's doc.,Part of an apparent Stalemate Split release with a collaborator.
UNK-0013,Castle (Chains of Pain),Dustin Duffy (Stalemate Split),Dustin Duffy composition (Jeff's bandmate/buddy),,Dustin Duffy,Dustin's songs per Jeff 2026-08-18. Catalog as collaborator material; never rank as Jeff originals; no external use without Dustin.,split project,,,,,medium,partial,metadata only,,,"Structures, Progressions and Changes doc (dustduff90@gmail.com, rev 2025-10-31); Castle v1.3.wav",,,,Who wrote what? These 12-13 songs appear ONLY in the collaborator's doc.,"Part of an apparent Stalemate Split release with a collaborator. Castle v1.3.wav owned by dustduff90; Jeff's song list has ""Chains of pain (castle)"" — probable co-write."
UNK-0100,Dorivalland Song,collab: dver.artist,reference material (collaborator musical project),,dver.artist; Jeff Story (unknown),uncertain,active collab?,,,,,low,not read,metadata only,,,"song lyrics/song ideas folder (dver.artist@gmail.com); ""What Happened in Dorivalland"" doc — EDITED 2026-08-14, four days ago",,,,,"The Dorivalland doc was edited FOUR DAYS AGO — this is Jeff's most currently-active collaboration. Worth asking about. READ 2026-08-18: these are staging/libretto notes for dver.artist's musical (samba number, Bolsonaro allegory) — NOT Jeff catalog songs. Kept as reference; edited 4 days ago so the collab is live."
JS-0100,Airtime,Jeff Story,original,,Jeff Story,high,cataloged,,,,,low,not read,metadata only,,,"Prime Outline ""in development""; Voice Memos: 6 recordings titled Airtime",,,,,Exists only as voice memos — hidden-gem listen queue.
JS-0101,Shine On Through The Darkness,Jeff Story,original,Shine On,Jeff Story,high,cataloged,,,,,low,not read,metadata only,,,Shine On v1.0.logicx (2024-12); Voice Memos: ~5 (Shine On / Shine On Through The Darkness); Prime Outline in-development,,,,,"Logic project + memos — real song, unread/unheard."
JS-0102,Suddenly Stranded,Jeff Story,original,,Jeff Story,high,cataloged,,,,,low,not read,metadata only,,,Suddenly Stranded v1.0.logicx (2024-12); Voice Memos: 2,,,,,
JS-0103,Political Circus,Jeff Story,original,,Jeff Story,high,cataloged,,,,,low,not read,metadata only,,,Political Circus v1.0.logicx (2024-12); Prime Outline in-development,,,,,
JS-0104,Run Away,Jeff Story,original,,Jeff Story,high,cataloged,,,,,low,not read,metadata only,,,"Run Away v1.0.logicx (2022, Logic folder); Voice Memos: ~3 ""Runaway""; TBD Group folder (Drive, Jul 2024): Run Away demo.mp3 — Jeff's own ""next up?"" demo compilation; twin of the private SoundCloud ""tbd"" playlist",,,,,
JS-0105,Country Fried,Jeff Story,original,Chicken Fried; Sunburnt Country?,Jeff Story,high,cataloged,,,,,low,not read,metadata only,,,Country Fried v1.0.logicx (2022); Chicken Fried v1.0.logicx (2022); Sunburnt Country v1.0.logicx (2022),,,,One song or three? Country/novelty direction — ask Jeff.,
JS-0106,Four Walls,Jeff Story,original,,Jeff Story,high,cataloged,,,,,low,not read,metadata only,,,1. Intro and Four Walls v1.0.logicx (2023-03),,,,,"Numbered ""1."" — part of a planned sequence?"
JS-0107,Blue Skies Fade,Jeff Story,"co-write — concept suite (Jeff Story & Greg Baldia, 2010)",,Jeff Story; Greg Baldia,co-write — no external/AI use without Greg Baldia,"unfinished masterwork — college demo exists, revisited 2019/2022/2024, active in Jeff's mind (viewed Feb 2026)",,,,,high (existence/scope); artistic assessment pending audio access,full text read,metadata only,"THE OPUS. 8-part song cycle for Kimberly — Lucky's sister (Lucky = Jeff's bassist & best friend), who died when Jeff was 5. Recorded in college with friends as a demo.",,"Blue Skies Fade 2024 v1.0.logicx (2024-07); Doc ""Blue Skies Fade (finished with working titles)"" (2010) — full suite text + tracklist; Blue Skies Fade 2024 v1.0.logicx (Jeff revisited it in 2024); Blue Skies Fade (Final).mp3 — 18.4MB ≈ ~19 min FULL SUITE college demo (multiple Drive copies, one dated to 2014 file-mtime); Blue Skies Fade (Drums).mp3 stem; blue skies fade beginning.cpr (Cubase, 2019); Blue Skies.logicx x2 (2019); Blue Skies Fade 8-22-24.m4a (Jeff playing it in 2024); 171MB L/R Final WAV pairs (multiple backups)",,,Get the ~19-min Final demo into the workspace (over the 10MB connector limit): Jeff downloads it from Drive into Voice Memo Intake OR Chrome extension next session. Then: full structural map + restoration/finishing plan as its own Producer Brief.,," MAJOR ARCHIVE FIND: an 8-part concept suite: From Young Eyes / As a Result of Unconsciousness / An Eclipsed Dawn Breaks / With the Story of the Blade / And a Cold and Graceful Sleep / The Sky is Blue / On Scenes from a Bridge / Blue Skies Fade. Connects: ""The Sky Is Blue"" (2010 album trk 11) and ""Disconnect"" (SD set) are parts of this suite. Very heavy subject matter — development only at Jeff's choice and pace; preserved fully. JEFF 2026-08-18: ""the opus I need to still finish... one of my masterpieces."" Subject: Kimberly, Lucky's sister. Kimberley also appears in Times Have Changed (""can you say hi to Kimberley?"") — the catalog's deepest thread. Rights: composition Jeff + Greg Baldia; college-friend performers on the demo — recording consent needed before any external use. This becomes the flagship of its own lane (The Opus) — it does not compete with the album's 15 remaining overdub items."
JS-0108,Home on the Lake,Jeff Story,original,,Jeff Story,high,cataloged,,,,,low,not read,metadata only,,,Home on the Lake v1.0.wav (2024-12),,,,,"Finished-sounding demo mix, no other trace."
JS-0109,Champ Elysisis,Jeff Story,original,,Jeff Story,high,cataloged,,,,,low,not read,metadata only,,,Champ Elysisis.logicx (2024-12),,,,,Title sic (Champs-Élysées?). Unknown content.
JS-0110,Dah,Jeff Story,original,,Jeff Story,high,cataloged,,,,,low,not read,metadata only,,,"Dah v1.0.wav (2019, Tracks Backup)",,,,,
JS-0111,Everything's Beautiful,Jeff Story,original,,Jeff Story,high,cataloged,,,,,low,not read,metadata only,,,"Everything's beautiful 2.m4a (2019, Tracks Backup)",,,,,
JS-0112,Home,Jeff Story,original,,Jeff Story,high,cataloged,,,,,low,not read,metadata only,,,"Home.m4a (2019, Tracks Backup)",,,,,
JS-0113,Bom Bom,Jeff Story,original fragment,,Jeff Story,high,cataloged,,,,,low,not read,metadata only,,,Bom bom.m4a (2019),,,,,
UNK-0200,Your New Boyfriend,Travis Story,collaborator material,,Travis Story,Travis's song,cataloged,,,,,low,not read,metadata only,,,Travis Story - Your New Boyfriend.logicx (2022); Travis Set (2016); Travis Worsham Songs doc (2010),,,,Travis Story / Travis Worsham — brother? bandmate? clarify relationship for the catalog.,
UNK-0201,TAD project (Wrapped in Linen / Rise of the Unicorn),Dustin Duffy (TAD),collaborator material,,Dustin Duffy,Dustin's project,cataloged,,,,,low,not read,metadata only,,,dustduff90 shared: Full Mixes + Stripped Mixes (2024-12..2025-03),,,,,Separate Dustin project shared with Jeff.
JS-0120,Older,Jeff Story,original,,Jeff Story,high,listed only (UnRecorded Songs doc),,,,,insufficient evidence,not found,metadata only,,,UnRecorded Songs doc (2024-12-10); Voice Memos: 2 matching,,,,,"Matches ""older"" voice memo cluster (2 memos)."
JS-0121,Brown Eye Surprise,Jeff Story,original,,Jeff Story,high,listed only (UnRecorded Songs doc),,,,,insufficient evidence,not found,metadata only,,,UnRecorded Songs doc (2024-12-10),,,,,No other trace. Humor title — very Jeff.
JS-0122,Over You,Jeff Story,original,,Jeff Story,high,listed only (UnRecorded Songs doc),,,,,insufficient evidence,not found,metadata only,,,UnRecorded Songs doc (2024-12-10),,,,,
JS-0123,Beautiful Morning,Jeff Story,original,,Jeff Story,high,listed only (UnRecorded Songs doc),,,,,insufficient evidence,not found,metadata only,,,UnRecorded Songs doc (2024-12-10),,,,,
JS-0124,Kids Can't Fly,Jeff Story,original,,Jeff Story,high,listed only (UnRecorded Songs doc),,,,,insufficient evidence,not found,metadata only,,,UnRecorded Songs doc (2024-12-10),,,,,
JS-0125,Take The Abuse,Jeff Story,original,,Jeff Story,high,listed only (UnRecorded Songs doc),,,,,insufficient evidence,not found,metadata only,,,UnRecorded Songs doc (2024-12-10),,,,,
JS-0126,New Act,Jeff Story,original,,Jeff Story,high,listed only (UnRecorded Songs doc),,,,,insufficient evidence,not found,metadata only,,,UnRecorded Songs doc (2024-12-10),,,,,
JS-0127,Poolside,Jeff Story,original,,Jeff Story,high,listed only (UnRecorded Songs doc),,,,,insufficient evidence,not found,metadata only,,,UnRecorded Songs doc (2024-12-10),,,,,
JS-0128,It's Alright,Jeff Story,original,,Jeff Story,high,listed only (UnRecorded Songs doc),,,,,insufficient evidence,not found,metadata only,,,UnRecorded Songs doc (2024-12-10); Voice Memos: 3 matching,,,,,"Matches ""its alright"" voice memo cluster (3 memos)."
JS-0129,B4L,Jeff Story,original,,Jeff Story,high,listed only (UnRecorded Songs doc),,,,,insufficient evidence,not found,metadata only,,,UnRecorded Songs doc (2024-12-10),,,,,On Prime Outline in-development list too.
